ID;Name;Number;Set;Series;Rarity;HP;Type;Artist;Release Date;Average Price;Count;Finish Type;Reverse Holo;Language
TWM_int_163;Secret Box;163/226;Twilight Masquerade;Scarlet & Violet;Ultra Rare;;Trainer;Toyste Beach;2024-05-24T00:00:00Z;8,32;1;HOLOFOIL;No;EN
TEF_int_162;Neo Upper Energy;162/218;Temporal Forces;Scarlet & Violet;Ultra Rare;;Energy;;2024-03-22T00:00:00Z;15,24;1;HOLOFOIL;No;EN
TEF_int_152;Hero's Cape;152/218;Temporal Forces;Scarlet & Violet;Ultra Rare;;Trainer;Toyste Beach;2024-03-22T00:00:00Z;16,14;1;HOLOFOIL;No;EN
MEG_int_184;Lillie's Determination;184/188;Mega Evolution;Mega;Special Illustration Rare;;Trainer;satoma;2025-09-26T00:00:00Z;63,68;1;HOLOFOIL;No;EN
CRI_int_113;Special Red Card;113/122;Chaos Rising;Mega;Ultra Rare;;Trainer;Studio Bora Inc.;2026-05-22T00:00:00Z;5,01;1;HOLOFOIL;No;EN
SCR_int_164;Crispin;164/175;Stellar Crown;Scarlet & Violet;Ultra Rare;;Trainer;GIDORA;2024-09-13T00:00:00Z;8,43;1;HOLOFOIL;No;EN
ASC_int_255;Black Belt's Training;255/295;Ascended Heroes;Mega;Ultra Rare;;Trainer;GOSSAN;2026-01-30T00:00:00Z;1,04;1;HOLOFOIL;No;EN
PFL_int_118;Dawn;118/130;Phantasmal Flames;Mega;Ultra Rare;;Trainer;Yuu Nishida;2025-11-14T00:00:00Z;5,73;1;HOLOFOIL;No;EN
WHT_int_164;Hilda;164/173;White Flare;Scarlet & Violet;Ultra Rare;;Trainer;yuu;2025-07-18T00:00:00Z;10,21;1;HOLOFOIL;No;EN
ASC_int_256;Boss's Orders;256/295;Ascended Heroes;Mega;Ultra Rare;;Trainer;akagi;2026-01-30T00:00:00Z;6,11;1;HOLOFOIL;No;EN
ASC_int_264;Ultra Ball;264/295;Ascended Heroes;Mega;Ultra Rare;;Trainer;Studio Bora Inc.;2026-01-30T00:00:00Z;5,66;1;HOLOFOIL;No;EN
TWM_int_206;Kieran;206/226;Twilight Masquerade;Scarlet & Violet;Ultra Rare;;Trainer;GIDORA;2024-05-24T00:00:00Z;3,55;1;HOLOFOIL;No;EN
SFA_int_84;Fezandipiti ex;84/99;Shrouded Fable;Scarlet & Violet;Ultra Rare;210;Pokémon;5ban Graphics;2024-08-02T00:00:00Z;9,49;1;HOLOFOIL;No;EN
PRE_int_163;Pecharunt ex;163/180;Prismatic Evolutions;Scarlet & Violet;Special Illustration Rare;190;Pokémon;osare;2025-01-17T00:00:00Z;37,90;1;HOLOFOIL;No;EN
TWM_int_211;Teal Mask Ogerpon ex;211/226;Twilight Masquerade;Scarlet & Violet;Special Illustration Rare;210;Pokémon;Yano Keiji;2024-05-24T00:00:00Z;21,55;2;HOLOFOIL;No;EN
SFA_int_92;Fezandipiti ex;92/99;Shrouded Fable;Scarlet & Violet;Special Illustration Rare;210;Pokémon;kantaro;2024-08-02T00:00:00Z;36,91;1;HOLOFOIL;No;EN
SVP_int_189;N's Zorua;189/217;Scarlet & Violet Promos;Scarlet & Violet;Unknown;70;Pokémon;Megumi Mizutani;2023-01-01T00:00:00Z;10,36;2;HOLOFOIL;No;EN
JTG_int_185;N's Zoroark ex;185/190;Journey Together;Scarlet & Violet;Special Illustration Rare;280;Pokémon;Megumi Mizutani;2025-03-28T00:00:00Z;55,59;1;HOLOFOIL;No;EN
JTG_int_175;N's Zoroark ex;175/190;Journey Together;Scarlet & Violet;Ultra Rare;280;Pokémon;takuyoa;2025-03-28T00:00:00Z;4,91;1;HOLOFOIL;No;EN
TWM_int_186;Tatsugiri;186/226;Twilight Masquerade;Scarlet & Violet;Illustration Rare;70;Pokémon;osare;2024-05-24T00:00:00Z;18,48;1;HOLOFOIL;No;EN
SCR_int_167;Hydrapple ex;167/175;Stellar Crown;Scarlet & Violet;Special Illustration Rare;330;Pokémon;Teeziro;2024-09-13T00:00:00Z;34,58;1;HOLOFOIL;No;EN
TWM_int_190;Teal Mask Ogerpon ex;190/226;Twilight Masquerade;Scarlet & Violet;Ultra Rare;210;Pokémon;5ban Graphics;2024-05-24T00:00:00Z;5,30;1;HOLOFOIL;No;EN
ASC_int_79;Team Rocket's Mewtwo ex;79/295;Ascended Heroes;Mega;Double Rare;280;Pokémon;aky CG Works;2026-01-30T00:00:00Z;1,31;1;HOLOFOIL;No;EN
PBL_int_98;Mega Zeraora ex;098/120;Pitch Black;Mega;Ultra Rare;270;Pokémon;5ban Graphics;2026-07-17T00:00:00Z;8,72;1;HOLOFOIL;No;EN
SFA_int_38;Fezandipiti ex;38/99;Shrouded Fable;Scarlet & Violet;Double Rare;210;Pokémon;takuyoa;2024-08-02T00:00:00Z;3,09;2;HOLOFOIL;No;EN
ASC_int_111;Cynthia's Garchomp ex;111/295;Ascended Heroes;Mega;Double Rare;330;Pokémon;5ban Graphics;2026-01-30T00:00:00Z;1,02;1;HOLOFOIL;No;EN
ASC_int_142;Fezandipiti ex;142/295;Ascended Heroes;Mega;Double Rare;210;Pokémon;takuyoa;2026-01-30T00:00:00Z;3,64;1;HOLOFOIL;No;EN
ASC_int_47;Mega Froslass ex;47/295;Ascended Heroes;Mega;Double Rare;310;Pokémon;5ban Graphics;2026-01-30T00:00:00Z;2,91;1;HOLOFOIL;No;EN
MEG_int_104;Mega Kangaskhan ex;104/188;Mega Evolution;Mega;Double Rare;300;Pokémon;5ban Graphics;2025-09-26T00:00:00Z;1,17;1;HOLOFOIL;No;EN
MEG_int_50;Mega Manectric ex;50/188;Mega Evolution;Mega;Double Rare;330;Pokémon;5ban Graphics;2025-09-26T00:00:00Z;0,64;1;HOLOFOIL;No;EN
SSP_int_76;Latias ex;76/252;Surging Sparks;Scarlet & Violet;Double Rare;210;Pokémon;takuyoa;2024-11-08T00:00:00Z;6,03;1;HOLOFOIL;No;EN
PFL_int_18;Oricorio ex;18/130;Phantasmal Flames;Mega;Double Rare;190;Pokémon;akagi;2025-11-14T00:00:00Z;0,50;1;HOLOFOIL;No;EN
POR_int_21;Mega Starmie ex;21/124;Perfect Order;Mega;Double Rare;330;Pokémon;5ban Graphics;2026-03-27T00:00:00Z;0,91;1;HOLOFOIL;No;EN
PBL_int_16;Wailord ex;016/120;Pitch Black;Mega;Double Rare;380;Pokémon;5ban Graphics;2026-07-17T00:00:00Z;0,68;1;HOLOFOIL;No;EN
POR_int_12;Decidueye ex;12/124;Perfect Order;Mega;Double Rare;320;Pokémon;aky CG Works;2026-03-27T00:00:00Z;0,48;1;HOLOFOIL;No;EN
ASC_int_113;Mega Lucario ex;113/295;Ascended Heroes;Mega;Double Rare;340;Pokémon;5ban Graphics;2026-01-30T00:00:00Z;1,25;1;HOLOFOIL;No;EN
PFL_int_84;Mega Lopunny ex;84/130;Phantasmal Flames;Mega;Double Rare;330;Pokémon;5ban Graphics;2025-11-14T00:00:00Z;0,61;1;HOLOFOIL;No;EN
ASC_int_213;Ultra Ball;213/295;Ascended Heroes;Mega;Common;;Trainer;Ayaka Yoshida;2026-01-30T00:00:00Z;0,16;1;NORMAL;No;EN
POR_int_81;Poké Pad;81/124;Perfect Order;Mega;Uncommon;;Trainer;Studio Bora Inc.;2026-03-27T00:00:00Z;0,23;1;NORMAL;No;EN
DRI_int_168;Sacred Ash;168/244;Destined Rivals;Scarlet & Violet;Uncommon;;Trainer;Eske Yoshinob;2025-05-30T00:00:00Z;0,25;1;NORMAL;No;EN
WHT_int_80;Brave Bangle;80/173;White Flare;Scarlet & Violet;Uncommon;;Trainer;Toyste Beach;2025-07-18T00:00:00Z;0,43;1;NORMAL;No;EN
DRI_int_182;Team Rocket's Energy;182/244;Destined Rivals;Scarlet & Violet;Uncommon;;Energy;;2025-05-30T00:00:00Z;0,28;1;NORMAL;No;EN
SFA_int_61;Night Stretcher;61/99;Shrouded Fable;Scarlet & Violet;Uncommon;;Trainer;Toyste Beach;2024-08-02T00:00:00Z;0,25;1;NORMAL;No;EN
MEG_int_125;Rare Candy;125/188;Mega Evolution;Mega;Common;;Trainer;Studio Bora Inc.;2025-09-26T00:00:00Z;0,24;1;NORMAL;No;EN
PFL_int_94;Wondrous Patch;94/130;Phantasmal Flames;Mega;Uncommon;;Trainer;Studio Bora Inc.;2025-11-14T00:00:00Z;0,16;1;NORMAL;No;EN
BLK_int_79;Air Balloon;79/172;Black Bolt;Scarlet & Violet;Uncommon;;Trainer;Studio Bora Inc.;2025-07-18T00:00:00Z;0,25;1;NORMAL;No;EN
PBL_int_83;Shadowy Darkness Energy;083/120;Pitch Black;Mega;Rare;;Energy;;2026-07-17T00:00:00Z;0,17;1;HOLOFOIL;No;EN
POR_int_86;Growing Grass Energy;86/124;Perfect Order;Mega;Rare;;Energy;;2026-03-27T00:00:00Z;0,29;1;NORMAL;No;EN
PFL_int_87;Dawn;87/130;Phantasmal Flames;Mega;Uncommon;;Trainer;Yuu Nishida;2025-11-14T00:00:00Z;0,20;2;NORMAL;No;EN
SCR_int_132;Briar;132/175;Stellar Crown;Scarlet & Violet;Uncommon;;Trainer;Naoki Saito;2024-09-13T00:00:00Z;0,07;1;NORMAL;No;EN
TWM_int_151;Hassel;151/226;Twilight Masquerade;Scarlet & Violet;Uncommon;;Trainer;GOSSAN;2024-05-24T00:00:00Z;0,25;1;NORMAL;No;EN
PBL_int_78;Gwynn;078/120;Pitch Black;Mega;Uncommon;;Trainer;nagimiso;2026-07-17T00:00:00Z;0,13;1;NORMAL;No;EN
PBL_int_80;Misty's Vitality;080/120;Pitch Black;Mega;Uncommon;;Trainer;En Morikura;2026-07-17T00:00:00Z;0,34;1;NORMAL;No;EN
ASC_int_192;Lillie's Determination;192/295;Ascended Heroes;Mega;Uncommon;;Trainer;Atsushi Furusawa;2026-01-30T00:00:00Z;1,08;1;REVERSE_HOLOFOIL;Yes;EN
WHT_int_84;Hilda;84/173;White Flare;Scarlet & Violet;Uncommon;;Trainer;yuu;2025-07-18T00:00:00Z;1,13;1;NORMAL;No;EN
BRS_int_132;Boss's Orders;132/224;Brilliant Stars;Sword & Shield;Holo Rare;;Trainer;GIDORA;2022-02-25T00:00:00Z;0,45;1;HOLOFOIL;No;EN
PAL_int_172;Boss's Orders;172/279;Paldea Evolved;Scarlet & Violet;Rare;;Trainer;NC Empire;2023-06-09T00:00:00Z;0,39;1;HOLOFOIL;No;EN
ASC_int_183;Boss's Orders;183/295;Ascended Heroes;Mega;Uncommon;;Trainer;akagi;2026-01-30T00:00:00Z;0,19;1;NORMAL;No;EN
ASC_int_207;Team Rocket's Petrel;207/295;Ascended Heroes;Mega;Uncommon;;Trainer;GOSSAN;2026-01-30T00:00:00Z;0,28;1;NORMAL;No;EN
DRI_int_170;Team Rocket's Archer;170/244;Destined Rivals;Scarlet & Violet;Uncommon;;Trainer;Hideki Ishikawa;2025-05-30T00:00:00Z;0,17;1;NORMAL;No;EN
DRI_int_171;Team Rocket's Ariana;171/244;Destined Rivals;Scarlet & Violet;Uncommon;;Trainer;hncl;2025-05-30T00:00:00Z;0,19;1;NORMAL;No;EN
ASC_int_204;Team Rocket's Giovanni;204/295;Ascended Heroes;Mega;Uncommon;;Trainer;DOM;2026-01-30T00:00:00Z;0,21;1;NORMAL;No;EN
G2_int_85;Lt. Surge's Rattata;85/132;Gym Challenge;WotC Era;Common;30;Pokémon;Atsuko Nishida;2000-10-16T00:00:00Z;2,69;1;FIRST_EDITION;No;EN
P4_int_14;Squirtle;14/17;POP Series 4;EX;Common;50;Pokémon;Atsuko Nishida;2006-08-01T00:00:00Z;44,06;1;NORMAL;No;EN
EM_int_46;Duskull;46/107;Emerald;EX;Common;40;Pokémon;Kagemaru Himeno;2005-05-09T00:00:00Z;0,77;1;NORMAL;No;EN
E1_int_123;Pidgey;123/165;Expedition;WotC Era;Common;40;Pokémon;Tomokazu Komiya;2002-09-15T00:00:00Z;8,21;1;NORMAL;No;EN
WP_int_32;Smeargle;32/53;WotC Promos;WotC Era;Unknown;40;Pokémon;Tomokazu Komiya;1999-07-01T00:00:00Z;16,54;1;NORMAL;No;EN
E2_int_74;Drowzee;74/182;Aquapolis;WotC Era;Common;50;Pokémon;Hisao Nakamura;2003-01-15T00:00:00Z;5,96;1;NORMAL;No;EN
E2_int_85;Horsea;85/182;Aquapolis;WotC Era;Common;50;Pokémon;Atsuko Nishida;2003-01-15T00:00:00Z;5,46;1;NORMAL;No;EN
E1_int_120;Marill;120/165;Expedition;WotC Era;Common;40;Pokémon;Satoshi Ohta;2002-09-15T00:00:00Z;6,13;1;NORMAL;No;EN
E2_int_79;Grimer;79/182;Aquapolis;WotC Era;Common;50;Pokémon;Keiji Kinebuchi;2003-01-15T00:00:00Z;21,14;1;NORMAL;No;EN
DS_int_79;Poochyena;79/114;Delta Species;EX;Common;50;Pokémon;Sachiko Adachi;2005-10-31T00:00:00Z;23,21;2;REVERSE_HOLOFOIL;Yes;EN
E1_int_75;Dragonair;75/165;Expedition;WotC Era;Uncommon;70;Pokémon;Kagemaru Himeno;2002-09-15T00:00:00Z;92,68;1;REVERSE_HOLOFOIL;Yes;EN
HS_int_123;Gyarados;123/124;HeartGold & SoulSilver;HeartGold & SoulSilver;Secret Rare;130;Pokémon;Wataru Kawahara;2010-02-10T00:00:00Z;132,97;1;REVERSE_HOLOFOIL;Yes;EN
DR_int_77;Torchic;77/100;Dragon;EX;Common;50;Pokémon;Hironobu Yoshida;2003-11-24T00:00:00Z;21,13;1;REVERSE_HOLOFOIL;Yes;EN
E1_int_99;Chikorita;99/165;Expedition;WotC Era;Common;40;Pokémon;Miki Tanaka;2002-09-15T00:00:00Z;40,95;1;REVERSE_HOLOFOIL;Yes;EN
WP_int_37;Hitmontop;37/53;WotC Promos;WotC Era;Unknown;60;Pokémon;Atsuko Nishida;1999-07-01T00:00:00Z;8,58;1;NORMAL;No;EN
UF_int_21;Cleffa;21/143;Unseen Forces;EX;Rare;50;Pokémon;Yuka Morii;2005-08-22T00:00:00Z;26,84;1;NORMAL;No;EN
BS2_int_35;Charmeleon;35/130;Base Set 2;WotC Era;Uncommon;80;Pokémon;Mitsuhiro Arita;2000-02-24T00:00:00Z;2,33;1;NORMAL;No;EN
N1_int_80;Totodile;80/111;Neo Genesis;WotC Era;Common;40;Pokémon;Ken Sugimori;2000-12-16T00:00:00Z;13,32;1;FIRST_EDITION;No;EN
N1_int_62;Horsea;62/111;Neo Genesis;WotC Era;Common;50;Pokémon;Miki Tanaka;2000-12-16T00:00:00Z;2,96;1;FIRST_EDITION;No;EN
N1_int_48;Seadra;48/111;Neo Genesis;WotC Era;Uncommon;70;Pokémon;Shin-ichi Yoshida;2000-12-16T00:00:00Z;3,11;1;FIRST_EDITION;No;EN
N2_int_58;Mareep;58/75;Neo Discovery;WotC Era;Common;50;Pokémon;Atsuko Nishida;2001-06-01T00:00:00Z;2,88;1;FIRST_EDITION;No;EN
N2_int_46;Scyther;46/75;Neo Discovery;WotC Era;Uncommon;60;Pokémon;Kimiya Masago;2001-06-01T00:00:00Z;9,13;1;FIRST_EDITION;No;EN
N1_int_53;Chikorita;53/111;Neo Genesis;WotC Era;Common;40;Pokémon;Naoyo Kimura;2000-12-16T00:00:00Z;7,41;1;FIRST_EDITION;No;EN
OG01_jp_1;フシギダネ;1/102;Expansion Pack;Original;Common;40;Pokémon;Mitsuhiro Arita;1996-10-20T00:00:00Z;7,90;1;NORMAL;No;JA
PLS_int_24;Squirtle;24/138;Plasma Storm;Black & White;Common;60;Pokémon;Naoki Saito;2013-02-06T00:00:00Z;3,02;1;NORMAL;No;EN
PK_int_48;Charmander;48/108;Power Keepers;EX;Common;50;Pokémon;Sachiko Adachi;2007-02-14T00:00:00Z;5,02;1;NORMAL;No;EN
DF_int_70;Vulpix;70/101;Dragon Frontiers;EX;Common;50;Pokémon;Sachiko Adachi;2006-11-08T00:00:00Z;3,65;1;NORMAL;No;EN
UF_int_34;Aipom;34/143;Unseen Forces;EX;Uncommon;50;Pokémon;Sachiko Adachi;2005-08-22T00:00:00Z;6,95;1;NORMAL;No;EN
DF_int_22;Seadra;22/101;Dragon Frontiers;EX;Rare;70;Pokémon;Sachiko Adachi;2006-11-08T00:00:00Z;1,99;1;NORMAL;No;EN
TRR_int_80;Voltorb;80/111;Team Rocket Returns;EX;Common;40;Pokémon;Sachiko Adachi;2004-11-08T00:00:00Z;3,32;1;NORMAL;No;EN
AR_int_37;Graveler;37/111;Arceus;Diamond & Pearl / Platinum;Uncommon;90;Pokémon;Sachiko Adachi;2009-11-04T00:00:00Z;1,23;1;NORMAL;No;EN
UF_int_71;Remoraid;71/143;Unseen Forces;EX;Common;50;Pokémon;Sachiko Adachi;2005-08-22T00:00:00Z;0,82;1;NORMAL;No;EN
DPs-B_jp_50;ゴーリキー;50;破空の激闘;Diamond & Pearl;Uncommon;80;Pokémon;Sachiko Adachi;2008-07-10T00:00:00Z;7,67;1;FIRST_EDITION;No;JA
CES_int_5;Spinarak;5/183;Celestial Storm;Sun & Moon;Common;50;Pokémon;Sachiko Adachi;2018-08-03T00:00:00Z;0,31;1;NORMAL;No;EN
TM_int_50;Tentacruel;50/103;Triumphant;HeartGold & SoulSilver;Uncommon;90;Pokémon;Sachiko Adachi;2010-11-03T00:00:00Z;0,59;1;NORMAL;No;EN
SF_int_73;Skorupi;73/106;Stormfront;Diamond & Pearl / Platinum;Common;60;Pokémon;Sachiko Adachi;2008-11-05T00:00:00Z;0,68;1;NORMAL;No;EN
TM_int_80;Tentacool;80/103;Triumphant;HeartGold & SoulSilver;Common;60;Pokémon;Sachiko Adachi;2010-11-03T00:00:00Z;0,67;1;NORMAL;No;EN
UF_int_41;Magcargo;41/143;Unseen Forces;EX;Uncommon;80;Pokémon;Tomokazu Komiya;2005-08-22T00:00:00Z;2,13;1;NORMAL;No;EN
SIT_int_87;Dreepy;87/245;Silver Tempest;Sword & Shield;Common;60;Pokémon;Tomokazu Komiya;2022-11-11T00:00:00Z;0,29;1;REVERSE_HOLOFOIL;Yes;EN
SIT_int_61;Hypno;61/245;Silver Tempest;Sword & Shield;Uncommon;110;Pokémon;Shinji Kanda;2022-11-11T00:00:00Z;0,20;1;NORMAL;No;EN
HS_int_26;Meganium;26/124;HeartGold & SoulSilver;HeartGold & SoulSilver;Rare;130;Pokémon;Shin Nagasawa;2010-02-10T00:00:00Z;7,52;1;HOLOFOIL;No;EN
UD_int_63;Pineco;63/91;Undaunted;HeartGold & SoulSilver;Common;60;Pokémon;Kyoko Umemoto;2010-08-18T00:00:00Z;1,51;1;REVERSE_HOLOFOIL;Yes;EN
UD_int_44;Combee;44/91;Undaunted;HeartGold & SoulSilver;Common;30;Pokémon;Naoyo Kimura;2010-08-18T00:00:00Z;1,93;1;REVERSE_HOLOFOIL;Yes;EN
SHF_int_3;Celebi;3/195;Shining Fates;Sword & Shield;Rare;70;Pokémon;Yuu Nishida;2021-02-19T00:00:00Z;0,59;1;REVERSE_HOLOFOIL;Yes;EN
PLB_int_34;Drifloon;34/105;Plasma Blast;Black & White;Common;70;Pokémon;Kyoko Umemoto;2013-08-14T00:00:00Z;0,33;1;NORMAL;No;EN
PLB_int_35;Drifblim;35/105;Plasma Blast;Black & White;Rare;100;Pokémon;Akira Komayama;2013-08-14T00:00:00Z;0,45;1;NORMAL;No;EN
AOR_int_2;Gloom;2/100;Ancient Origins;XY;Uncommon;80;Pokémon;Masakazu Fukuda;2015-08-12T00:00:00Z;0,08;1;NORMAL;No;EN
CL_int_72;Tangela;72/106;Call of Legends;HeartGold & SoulSilver;Common;70;Pokémon;Hideaki Hakozaki;2011-02-09T00:00:00Z;0,35;1;NORMAL;No;EN
BCR_int_7;Scyther;7/153;Boundaries Crossed;Black & White;Common;70;Pokémon;kawayoo;2012-11-07T00:00:00Z;1,51;1;NORMAL;No;EN
FFI_int_10;Magmar;10/113;Furious Fists;XY;Common;80;Pokémon;MAHOU;2014-08-13T00:00:00Z;0,20;2;NORMAL;No;EN
CL_int_62;Magmar;62/106;Call of Legends;HeartGold & SoulSilver;Common;70;Pokémon;Hajime Kusajima;2011-02-09T00:00:00Z;0,38;1;NORMAL;No;EN
FCO_int_18;Omastar;18/125;Fates Collide;XY;Rare;120;Pokémon;Hasuno;2016-05-02T00:00:00Z;0,38;1;NORMAL;No;EN
PHF_int_21;Jellicent;21/122;Phantom Forces;XY;Rare;100;Pokémon;Masakazu Fukuda;2014-11-05T00:00:00Z;0,90;1;NORMAL;No;EN
BCR_int_53;Electabuzz;53/153;Boundaries Crossed;Black & White;Common;80;Pokémon;Shigenori Negishi;2012-11-07T00:00:00Z;0,21;1;NORMAL;No;EN
CL_int_58;Hitmonlee;58/106;Call of Legends;HeartGold & SoulSilver;Common;80;Pokémon;Kouki Saitou;2011-02-09T00:00:00Z;0,47;2;NORMAL;No;EN
HS_int_79;Sandshrew;79/124;HeartGold & SoulSilver;HeartGold & SoulSilver;Common;60;Pokémon;Yukiko Baba;2010-02-10T00:00:00Z;0,76;2;NORMAL;No;EN
ASR_int_23;Cyndaquil;23/246;Astral Radiance;Sword & Shield;Common;60;Pokémon;sui;2022-05-27T00:00:00Z;0,18;1;NORMAL;No;EN
SIT_int_30;Litten;30/245;Silver Tempest;Sword & Shield;Common;70;Pokémon;Narumi Sato;2022-11-11T00:00:00Z;0,34;1;REVERSE_HOLOFOIL;Yes;EN
SIT_int_69;Gardevoir;69/245;Silver Tempest;Sword & Shield;Rare;150;Pokémon;Mitsuhiro Arita;2022-11-11T00:00:00Z;0,25;1;NORMAL;No;EN
GRI_int_11;Litwick;11/169;Guardians Rising;Sun & Moon;Common;50;Pokémon;Mitsuhiro Arita;2017-05-05T00:00:00Z;0,19;1;NORMAL;No;EN
SIT_int_19;Growlithe;19/245;Silver Tempest;Sword & Shield;Common;90;Pokémon;sowsow;2022-11-11T00:00:00Z;0,17;1;NORMAL;No;EN
DRM_int_6;Blaziken;6/78;Dragon Majesty;Sun & Moon;Holo Rare;150;Pokémon;Kouki Saitou;2018-09-07T00:00:00Z;2,76;3;HOLOFOIL;No;EN
MEG_int_3;Mega Venusaur ex;3/188;Mega Evolution;Mega;Double Rare;380;Pokémon;5ban Graphics;2025-09-26T00:00:00Z;1,11;1;HOLOFOIL;No;EN
STS_int_17;Rapidash;17/116;Steam Siege;XY;Uncommon;90;Pokémon;Yukiko Baba;2016-08-03T00:00:00Z;0,20;1;NORMAL;No;EN
BUS_int_87;Darkrai;87/169;Burning Shadows;Sun & Moon;Holo Rare;120;Pokémon;Hitoshi Ariga;2017-08-04T00:00:00Z;1,07;1;HOLOFOIL;No;EN
STS_int_65;Yveltal;65/116;Steam Siege;XY;Holo Rare;130;Pokémon;Hajime Kusajima;2016-08-03T00:00:00Z;0,57;1;HOLOFOIL;No;EN
SIT_int_9;Petilil;9/245;Silver Tempest;Sword & Shield;Common;50;Pokémon;HYOGONOSUKE;2022-11-11T00:00:00Z;0,08;1;NORMAL;No;EN
SIT_int_43;Froslass;43/245;Silver Tempest;Sword & Shield;Rare;90;Pokémon;Taira Akitsu;2022-11-11T00:00:00Z;0,18;1;NORMAL;No;EN
NXD_int_31;Vanillite;31/103;Next Destinies;Black & White;Common;60;Pokémon;Kanako Eo;2012-02-08T00:00:00Z;0,30;1;NORMAL;No;EN
SIT_int_106;Murkrow;106/245;Silver Tempest;Sword & Shield;Common;60;Pokémon;Ligton;2022-11-11T00:00:00Z;0,10;1;NORMAL;No;EN
SIT_int_85;Dedenne;85/245;Silver Tempest;Sword & Shield;Uncommon;60;Pokémon;Shiburingaru;2022-11-11T00:00:00Z;0,17;1;NORMAL;No;EN
SIT_int_77;Duosion;77/245;Silver Tempest;Sword & Shield;Uncommon;70;Pokémon;Pani Kobayashi;2022-11-11T00:00:00Z;0,09;1;NORMAL;No;EN
SIT_int_72;Meditite;72/245;Silver Tempest;Sword & Shield;Common;60;Pokémon;Jiro Sasumo;2022-11-11T00:00:00Z;0,04;1;NORMAL;No;EN
SIT_int_63;Misdreavus;63/245;Silver Tempest;Sword & Shield;Common;60;Pokémon;HYOGONOSUKE;2022-11-11T00:00:00Z;0,09;1;NORMAL;No;EN
SIT_int_67;Ralts;67/245;Silver Tempest;Sword & Shield;Common;60;Pokémon;Nagomi Nijo;2022-11-11T00:00:00Z;0,09;1;NORMAL;No;EN
SIT_int_82;Meowstic;82/245;Silver Tempest;Sword & Shield;Uncommon;90;Pokémon;Taira Akitsu;2022-11-11T00:00:00Z;0,21;1;NORMAL;No;EN
BKP_int_59;Meowstic;59/123;BREAKpoint;XY;Rare;90;Pokémon;Kagemaru Himeno;2016-02-03T00:00:00Z;0,61;1;REVERSE_HOLOFOIL;Yes;EN
ASR_int_56;Togetic;56/246;Astral Radiance;Sword & Shield;Uncommon;80;Pokémon;Tika Matsuno;2022-05-27T00:00:00Z;0,14;1;NORMAL;No;EN
SVP_int_49;Zapdos ex;49/217;Scarlet & Violet Promos;Scarlet & Violet;Unknown;200;Pokémon;takuyoa;2023-01-01T00:00:00Z;0,89;1;HOLOFOIL;No;EN
SIT_int_50;Raichu;50/245;Silver Tempest;Sword & Shield;Uncommon;120;Pokémon;Megumi Mizutani;2022-11-11T00:00:00Z;0,21;1;NORMAL;No;EN
SIT_int_129;Dratini;129/245;Silver Tempest;Sword & Shield;Common;70;Pokémon;kurumitsu;2022-11-11T00:00:00Z;0,16;1;NORMAL;No;EN
ASR_int_110;Bastiodon;110/246;Astral Radiance;Sword & Shield;Holo Rare;160;Pokémon;Yuya Oka;2022-05-27T00:00:00Z;0,28;1;REVERSE_HOLOFOIL;Yes;EN
SIT_int_98;Hawlucha;98/245;Silver Tempest;Sword & Shield;Common;80;Pokémon;Teeziro;2022-11-11T00:00:00Z;0,05;1;NORMAL;No;EN
UNB_int_81;Marshadow;81/234;Unbroken Bonds;Sun & Moon;Holo Rare;80;Pokémon;chibi;2019-05-03T00:00:00Z;1,67;1;HOLOFOIL;No;EN
CIN_int_73;Xerneas;73/124;Crimson Invasion;Sun & Moon;Holo Rare;130;Pokémon;sui;2017-11-03T00:00:00Z;1,47;1;HOLOFOIL;No;EN
PAL_int_97;Mimikyu;97/279;Paldea Evolved;Scarlet & Violet;Rare;70;Pokémon;Kagemaru Himeno;2023-06-09T00:00:00Z;0,33;1;HOLOFOIL;No;EN
S7D_jp_11;プクリン;11/79;Skyscraping Perfection;Sword & Shield;Common;120;Pokémon;Asako Ito;2021-07-09T00:00:00Z;0,62;1;NORMAL;No;JA
SM10_jp_2;ナゾノクサ;2/107;Double Blaze;Sun & Moon;Common;60;Pokémon;Asako Ito;2019-03-01T00:00:00Z;4,09;1;NORMAL;No;JA
PRE_int_146;Flareon ex;146/180;Prismatic Evolutions;Scarlet & Violet;Special Illustration Rare;270;Pokémon;Nurikabe;2025-01-17T00:00:00Z;230,99;2;HOLOFOIL;No;EN
ASC_int_275;Mega Froslass ex;275/295;Ascended Heroes;Mega;Special Illustration Rare;310;Pokémon;Teeziro;2026-01-30T00:00:00Z;74,41;1;HOLOFOIL;No;EN
ASC_int_226;Psyduck;226/295;Ascended Heroes;Mega;Illustration Rare;70;Pokémon;REND;2026-01-30T00:00:00Z;71,58;1;HOLOFOIL;No;EN
ASC_int_292;Iris's Fighting Spirit;292/295;Ascended Heroes;Mega;Special Illustration Rare;;Trainer;Kuroimori;2026-01-30T00:00:00Z;33,42;1;HOLOFOIL;No;EN
DRI_int_239;Ethan's Ho-Oh ex;239/244;Destined Rivals;Scarlet & Violet;Secret Rare;230;Pokémon;aky CG Works;2025-05-30T00:00:00Z;30,14;1;HOLOFOIL;No;EN
ASC_int_265;Mega Froslass ex;265/295;Ascended Heroes;Mega;Ultra Rare;310;Pokémon;Saboteri;2026-01-30T00:00:00Z;9,07;1;HOLOFOIL;No;EN
ASC_int_277;Pikachu ex;277/295;Ascended Heroes;Mega;Special Illustration Rare;200;Pokémon;James Turner;2026-01-30T00:00:00Z;383,84;1;HOLOFOIL;No;EN
XYP_int_150a;Yveltal-EX;150a/211;XY Promos;XY;Unknown;170;Pokémon;Hasuno;2013-10-12T00:00:00Z;112,42;1;HOLOFOIL;No;EN
E1_int_40;Charizard;40/165;Expedition;WotC Era;Rare;120;Pokémon;Hiromichi Sugiyama;2002-09-15T00:00:00Z;120,30;1;NORMAL;No;EN
DEX_int_109;Gardevoir;109/111;Dark Explorers;Black & White;Secret Rare;110;Pokémon;5ban Graphics;2012-05-09T00:00:00Z;387,52;1;HOLOFOIL;No;EN
CRI_int_122;Mega Greninja ex;122/122;Chaos Rising;Mega;Secret Rare;350;Pokémon;takuyoa;2026-05-22T00:00:00Z;192,87;1;HOLOFOIL;No;EN
M4_jp_114;Mega Greninja ex;114/120;Ninja Spinner;Mega;Special Illustration Rare;350;Pokémon;Susumu Maeya;2026-03-13T00:00:00Z;294,63;1;HOLOFOIL;No;EN
SMD_jp_10;ロケット団のミミッキュGX;10/30;Ash VS Team Rocket Half Decks;Sun & Moon;Double Rare;170;Pokémon;Yasuda Shuhei;2017-04-21T00:00:00Z;440,84;1;HOLOFOIL;No;JA
XYP_jp_NAN106;ラグラージEX;NAN106/448;XY Promotional Cards;XY;Promo;220;Pokémon;5ban Graphics;2013-10-12T00:00:00Z;40,36;1;NORMAL;No;JA
NEO06_jp_21;スイクン;21/57;Awakening Legends;Neo;Holo Rare;70;Pokémon;Ken Sugimori;2000-11-23T00:00:00Z;76,64;1;HOLOFOIL;No;JA
UNM_int_125;Umbreon & Darkrai-GX;125/258;Unified Minds;Sun & Moon;Double Rare;270;Pokémon;Mitsuhiro Arita;2019-08-02T00:00:00Z;88,84;1;HOLOFOIL;No;EN
XYP_int_67a;Jirachi;67a/211;XY Promos;XY;Unknown;60;Pokémon;Naoki Saito;2013-10-12T00:00:00Z;226,79;1;HOLOFOIL;No;EN
SIT_int_202;Lugia VSTAR;202/245;Silver Tempest;Sword & Shield;Rainbow Rare;280;Pokémon;PLANETA Mochizuki;2022-11-11T00:00:00Z;41,02;1;HOLOFOIL;No;EN
DRI_int_229;Team Rocket's Moltres ex;229/244;Destined Rivals;Scarlet & Violet;Special Illustration Rare;220;Pokémon;AKIRA EGAWA;2025-05-30T00:00:00Z;156,47;1;HOLOFOIL;No;EN
SVI_int_245;Gardevoir ex;245/258;Scarlet & Violet;Scarlet & Violet;Special Illustration Rare;310;Pokémon;Jiro Sasumo;2023-03-31T00:00:00Z;74,44;1;HOLOFOIL;No;EN
SVI_int_212;Kirlia;212/258;Scarlet & Violet;Scarlet & Violet;Illustration Rare;90;Pokémon;Jiro Sasumo;2023-03-31T00:00:00Z;41,35;1;HOLOFOIL;No;EN
CRZ_int_GG46;Deoxys VSTAR;GG46/230;Crown Zenith;Sword & Shield;Character Super Rare;270;Pokémon;DOM;2023-01-20T00:00:00Z;63,79;1;HOLOFOIL;No;EN
DP_int_120;Empoleon LV.X;120/130;Diamond & Pearl;Diamond & Pearl / Platinum;Ultra Rare;140;Pokémon;Shizurow;2007-05-23T00:00:00Z;51,35;1;HOLOFOIL;No;EN
OBF_int_223;Charizard ex;223/230;Obsidian Flames;Scarlet & Violet;Special Illustration Rare;330;Pokémon;AKIRA EGAWA;2023-08-11T00:00:00Z;121,93;1;HOLOFOIL;No;EN
PFL_int_109;Mega Charizard X ex;109/130;Phantasmal Flames;Mega;Ultra Rare;360;Pokémon;takuyoa;2025-11-14T00:00:00Z;30,68;1;HOLOFOIL;No;EN
MEG_int_177;Mega Venusaur ex;177/188;Mega Evolution;Mega;Special Illustration Rare;380;Pokémon;mashu;2025-09-26T00:00:00Z;164,99;1;HOLOFOIL;No;EN
CRZ_int_GG20;Latias;GG20/230;Crown Zenith;Sword & Shield;Character Holo Rare;120;Pokémon;Teeziro;2023-01-20T00:00:00Z;22,73;1;HOLOFOIL;No;EN
CES_int_153;Blaziken-GX;153/183;Celestial Storm;Sun & Moon;Ultra Rare;240;Pokémon;5ban Graphics;2018-08-03T00:00:00Z;43,89;1;HOLOFOIL;No;EN
CRZ_int_GG36;Entei V;GG36/230;Crown Zenith;Sword & Shield;Character Super Rare;230;Pokémon;Shigenori Negishi;2023-01-20T00:00:00Z;61,51;1;HOLOFOIL;No;EN
SCR_int_151;Zeraora;151/175;Stellar Crown;Scarlet & Violet;Illustration Rare;120;Pokémon;Kazumasa Yasukuni;2024-09-13T00:00:00Z;14,59;1;HOLOFOIL;No;EN
PAR_int_193;Plusle;193/266;Paradox Rift;Scarlet & Violet;Illustration Rare;70;Pokémon;OKACHEKE;2023-11-03T00:00:00Z;38,80;1;HOLOFOIL;No;EN
PAR_int_194;Minun;194/266;Paradox Rift;Scarlet & Violet;Illustration Rare;70;Pokémon;OKACHEKE;2023-11-03T00:00:00Z;37,30;1;HOLOFOIL;No;EN
HIF_int_SV67;Lycanroc-GX;SV67/163;Hidden Fates;Sun & Moon;Triple Rare;200;Pokémon;5ban Graphics;2019-08-23T00:00:00Z;19,28;1;HOLOFOIL;No;EN
CRZ_int_GG24;Miltank;GG24/230;Crown Zenith;Sword & Shield;Character Holo Rare;110;Pokémon;Yuu Nishida;2023-01-20T00:00:00Z;11,15;1;HOLOFOIL;No;EN
SIT_int_TG3;Flaaffy;TG3/245;Silver Tempest;Sword & Shield;Character Holo Rare;90;Pokémon;saino misaki;2022-11-11T00:00:00Z;5,54;1;HOLOFOIL;No;EN
TEF_int_167;Litten;167/218;Temporal Forces;Scarlet & Violet;Illustration Rare;70;Pokémon;Makura Tami;2024-03-22T00:00:00Z;29,75;1;HOLOFOIL;No;EN
WHT_int_152;Patrat;152/173;White Flare;Scarlet & Violet;Illustration Rare;60;Pokémon;Yukihiro Tada;2025-07-18T00:00:00Z;10,48;1;HOLOFOIL;No;EN
OBF_int_208;Pidgeotto;208/230;Obsidian Flames;Scarlet & Violet;Illustration Rare;90;Pokémon;Jerky;2023-08-11T00:00:00Z;13,03;1;HOLOFOIL;No;EN
WHT_int_91;Deerling;91/173;White Flare;Scarlet & Violet;Illustration Rare;70;Pokémon;takashi shiraishi;2025-07-18T00:00:00Z;21,40;1;HOLOFOIL;No;EN
CRI_int_103;Cobalion ex;103/122;Chaos Rising;Mega;Ultra Rare;210;Pokémon;5ban Graphics;2026-05-22T00:00:00Z;2,12;1;HOLOFOIL;No;EN
MEG_int_144;Shedinja;144/188;Mega Evolution;Mega;Illustration Rare;60;Pokémon;Tetsu Kayama;2025-09-26T00:00:00Z;3,00;1;HOLOFOIL;No;EN
PFL_int_105;Wigglytuff;105/130;Phantasmal Flames;Mega;Illustration Rare;120;Pokémon;REND;2025-11-14T00:00:00Z;6,68;1;HOLOFOIL;No;EN
PFL_int_96;Nymble;96/130;Phantasmal Flames;Mega;Illustration Rare;50;Pokémon;Nakamura Ippan;2025-11-14T00:00:00Z;1,54;1;HOLOFOIL;No;EN
PFL_int_107;Ambipom;107/130;Phantasmal Flames;Mega;Illustration Rare;110;Pokémon;Shigenori Negishi;2025-11-14T00:00:00Z;2,29;1;HOLOFOIL;No;EN
MEG_int_146;Marshadow;146/188;Mega Evolution;Mega;Illustration Rare;90;Pokémon;0313;2025-09-26T00:00:00Z;18,16;1;HOLOFOIL;No;EN
MEP_int_33;Mega Lucario ex;33/51;Mega Promos;Mega;Unknown;340;Pokémon;5ban Graphics;2025-09-26T00:00:00Z;13,58;1;HOLOFOIL;No;EN
ASC_int_222;Ethan's Magcargo;222/295;Ascended Heroes;Mega;Illustration Rare;130;Pokémon;Hideki Ishikawa;2026-01-30T00:00:00Z;6,98;1;HOLOFOIL;No;EN
ASC_int_220;Dustox;220/295;Ascended Heroes;Mega;Illustration Rare;140;Pokémon;IKEDA Saki;2026-01-30T00:00:00Z;3,59;1;HOLOFOIL;No;EN
SV6a_jp_70;ヨノワール;70/94;Night Wanderer;Scarlet & Violet;Illustration Rare;160;Pokémon;James Turner;2024-06-07T00:00:00Z;7,27;1;HOLOFOIL;No;JA
SV6a_jp_69;サマヨール;69/94;Night Wanderer;Scarlet & Violet;Illustration Rare;90;Pokémon;James Turner;2024-06-07T00:00:00Z;7,15;1;HOLOFOIL;No;JA
SV6a_jp_68;ヨマワル;68/94;Night Wanderer;Scarlet & Violet;Illustration Rare;60;Pokémon;James Turner;2024-06-07T00:00:00Z;10,61;1;HOLOFOIL;No;JA
S9a_jp_68;ロズレイド;68/93;Battle Region;Sword & Shield;Character Holo Rare;120;Pokémon;saino misaki;2022-02-25T00:00:00Z;2,34;1;HOLOFOIL;No;JA
SV11W_jp_121;ゴチム;121/174;White Flare;Scarlet & Violet;Illustration Rare;70;Pokémon;Kanami Ogata;2025-06-06T00:00:00Z;10,63;1;HOLOFOIL;No;JA
SV11B_jp_143;ワルビアル;143/174;Black Bolt;Scarlet & Violet;Illustration Rare;170;Pokémon;Uninori;2025-06-06T00:00:00Z;11,24;1;HOLOFOIL;No;JA
SV11B_jp_99;ヒヒダルマ;99/174;Black Bolt;Scarlet & Violet;Illustration Rare;140;Pokémon;Nisota Niso;2025-06-06T00:00:00Z;5,79;1;HOLOFOIL;No;JA
SV10_jp_105;ロケット団のマタドガス;105/132;Glory of Team Rocket;Scarlet & Violet;Illustration Rare;130;Pokémon;Yukihiro Tada;2025-04-18T00:00:00Z;3,69;1;HOLOFOIL;No;JA
S9a_jp_72;グラエナ;72/93;Battle Region;Sword & Shield;Character Holo Rare;110;Pokémon;GOSSAN;2022-02-25T00:00:00Z;2,60;1;HOLOFOIL;No;JA
S8b_jp_216;バシャーモV;216/277;VMAX Climax;Sword & Shield;Character Super Rare;210;Pokémon;nagimiso;2021-12-03T00:00:00Z;21,61;1;HOLOFOIL;No;JA
M1S_jp_75;ヌイコグマ;75/92;Mega Symphonia;Mega;Illustration Rare;70;Pokémon;OKACHEKE;2025-08-01T00:00:00Z;2,93;1;HOLOFOIL;No;JA
EC01_jp_45;ピチュー;45/47;P Promos;e-Card;Promo;30;Pokémon;Midori Harada;2001-07-01T00:00:00Z;451,78;1;NORMAL;No;JA
SS_int_98;Raichu ex;98/100;Sandstorm;EX;Ultra Rare;100;Pokémon;Ryo Ueda;2003-09-18T00:00:00Z;170,97;1;HOLOFOIL;No;EN
N1_int_12;Pichu;12/111;Neo Genesis;WotC Era;Holo Rare;30;Pokémon;Ken Sugimori;2000-12-16T00:00:00Z;290,45;1;FIRST_EDITION_HOLO;No;EN
P9_int_11;Pichu;11/17;POP Series 9;Diamond & Pearl / Platinum;Uncommon;40;Pokémon;Midori Harada;2009-03-01T00:00:00Z;16,11;1;NORMAL;No;EN
E1_int_58;Pichu;58/165;Expedition;WotC Era;Rare;30;Pokémon;Atsuko Nishida;2002-09-15T00:00:00Z;41,59;1;NORMAL;No;EN
EVS_int_50;Raichu;50/237;Evolving Skies;Sword & Shield;Holo Rare;130;Pokémon;Mitsuhiro Arita;2021-08-27T00:00:00Z;0,39;1;HOLOFOIL;No;EN
MEW_int_173;Pikachu;173/207;Pokémon 151;Scarlet & Violet;Illustration Rare;60;Pokémon;Hiroyuki Yamamoto;2023-09-22T00:00:00Z;96,18;1;HOLOFOIL;No;EN
SV2a_jp_173;Pikachu;173/210;Pokémon Card 151;Scarlet & Violet;Illustration Rare;60;Pokémon;Hiroyuki Yamamoto;2023-06-16T00:00:00Z;42,18;1;HOLOFOIL;No;EN
MEW_int_173;Pikachu;173/207;Pokémon 151;Scarlet & Violet;Illustration Rare;60;Pokémon;Hiroyuki Yamamoto;2023-09-22T00:00:00Z;96,18;1;HOLOFOIL;No;JA
SVP_int_27;Pikachu;27/217;Scarlet & Violet Promos;Scarlet & Violet;Unknown;60;Pokémon;Atsushi Furusawa;2023-01-01T00:00:00Z;27,25;1;HOLOFOIL;No;EN
SMP_int_109;Ash's Pikachu;SM109/248;Sun & Moon Promos;Sun & Moon;Unknown;70;Pokémon;2017 Pikachu Project;2017-02-03T00:00:00Z;92,02;1;NORMAL;No;EN
SMP_int_112;Ash's Pikachu;SM112/248;Sun & Moon Promos;Sun & Moon;Unknown;70;Pokémon;2017 Pikachu Project;2017-02-03T00:00:00Z;44,26;1;NORMAL;No;EN
SMP_int_110;Ash's Pikachu;SM110/248;Sun & Moon Promos;Sun & Moon;Unknown;70;Pokémon;2017 Pikachu Project;2017-02-03T00:00:00Z;44,59;1;NORMAL;No;EN
SMP_int_114;Ash's Pikachu;SM114/248;Sun & Moon Promos;Sun & Moon;Unknown;70;Pokémon;2017 Pikachu Project;2017-02-03T00:00:00Z;58,88;1;NORMAL;No;EN
SMP_int_113;Ash's Pikachu;SM113/248;Sun & Moon Promos;Sun & Moon;Unknown;70;Pokémon;2017 Pikachu Project;2017-02-03T00:00:00Z;42,41;1;NORMAL;No;EN
SMP_int_111;Ash's Pikachu;SM111/248;Sun & Moon Promos;Sun & Moon;Unknown;70;Pokémon;2017 Pikachu Project;2017-02-03T00:00:00Z;43,38;1;NORMAL;No;EN
LOR_int_TG29;Pikachu VMAX;TG29/247;Lost Origin;Sword & Shield;Secret Rare;310;Pokémon;aky CG Works;2022-09-09T00:00:00Z;23,15;1;HOLOFOIL;No;EN
WP_int_4;Pikachu;4/53;WotC Promos;WotC Era;Unknown;50;Pokémon;Ken Sugimori;1999-07-01T00:00:00Z;29,12;1;NORMAL;No;EN
SP_int_61;Pikachu V;SWSH061/292;Sword & Shield Promos;Sword & Shield;Unknown;190;Pokémon;PLANETA Tsuji;2019-11-15T00:00:00Z;2,33;1;HOLOFOIL;No;EN
P4_int_13;Pikachu;13/17;POP Series 4;EX;Common;50;Pokémon;Kouki Saitou;2006-08-01T00:00:00Z;33,95;1;NORMAL;No;EN
G1_int_81;Lt. Surge's Pikachu;81/132;Gym Heroes;WotC Era;Common;50;Pokémon;Ken Sugimori;2000-08-14T00:00:00Z;24,92;1;FIRST_EDITION;No;EN
ROS_int_20;Pikachu;20/110;Roaring Skies;XY;Common;60;Pokémon;Naoki Saito;2015-05-06T00:00:00Z;1,45;1;NORMAL;No;EN
XY_int_42;Pikachu;42/146;XY;XY;Common;60;Pokémon;MAHOU;2014-02-05T00:00:00Z;3,06;1;NORMAL;No;EN
PAL_int_62;Pikachu;62/279;Paldea Evolved;Scarlet & Violet;Common;70;Pokémon;OKACHEKE;2023-06-09T00:00:00Z;0,24;1;NORMAL;No;EN
SIT_int_49;Pikachu;49/245;Silver Tempest;Sword & Shield;Common;70;Pokémon;Souichirou Gunjima;2022-11-11T00:00:00Z;0,33;1;NORMAL;No;EN
SV_int_145;Garchomp C LV.X;145/153;Supreme Victors;Diamond & Pearl / Platinum;Ultra Rare;110;Pokémon;Shizurow;2009-08-19T00:00:00Z;75,65;1;HOLOFOIL;No;EN
MEG_int_147;Garganacl;147/188;Mega Evolution;Mega;Illustration Rare;180;Pokémon;Yano Keiji;2025-09-26T00:00:00Z;1,58;1;HOLOFOIL;No;EN
M2a_jp_207;Medicham;207/250;Mega Dream ex;Mega;Illustration Rare;120;Pokémon;KEIICHIRO ITO;2025-11-28T00:00:00Z;1,53;1;HOLOFOIL;No;EN
M5_jp_89;フォクスライ;89/81;Abyss Eye;Mega;Illustration Rare;100;Pokémon;Jerky;2026-05-22T00:00:00Z;2,29;1;HOLOFOIL;No;JA
M5_jp_88;ダダリン;88/81;Abyss Eye;Mega;Illustration Rare;140;Pokémon;Nakamura Ippan;2026-05-22T00:00:00Z;3,48;1;HOLOFOIL;No;JA
SV4K_jp_76;モルペコ;76/94;Ancient Roar;Scarlet & Violet;Illustration Rare;70;Pokémon;Yuu Nishida;2023-10-27T00:00:00Z;12,11;1;HOLOFOIL;No;JA
M5_jp_92;ドデカバシ;92/81;Abyss Eye;Mega;Illustration Rare;150;Pokémon;miki kudo;2026-05-22T00:00:00Z;2,85;1;HOLOFOIL;No;JA
SV9_jp_108;Nのゾロア;108/132;Battle Partners;Scarlet & Violet;Illustration Rare;70;Pokémon;Megumi Mizutani;2025-01-24T00:00:00Z;5,33;1;HOLOFOIL;No;JA
WHT_int_165;Whimsicott ex;165/173;White Flare;Scarlet & Violet;Special Illustration Rare;230;Pokémon;mele;2025-07-18T00:00:00Z;28,66;1;HOLOFOIL;No;JA
WHT_int_165;Whimsicott ex;165/173;White Flare;Scarlet & Violet;Special Illustration Rare;230;Pokémon;mele;2025-07-18T00:00:00Z;28,66;1;HOLOFOIL;No;EN
MEP_int_80;Fennekin;80/51;Mega Promos;Mega;Unknown;70;Pokémon;satoma;2025-09-26T00:00:00Z;4,38;1;HOLOFOIL;No;EN
SV5M_jp_79;ドリュウズ;79/100;Cyber Judge;Scarlet & Violet;Illustration Rare;130;Pokémon;Saboteri;2024-01-26T00:00:00Z;2,81;1;HOLOFOIL;No;JA
SIT_int_140;Ho-Oh V;140/245;Silver Tempest;Sword & Shield;Double Rare;230;Pokémon;AKIRA EGAWA;2022-11-11T00:00:00Z;4,77;1;HOLOFOIL;No;EN
CRE_int_124;Tornadus V;124/233;Chilling Reign;Sword & Shield;Double Rare;210;Pokémon;PLANETA Mochizuki;2021-06-18T00:00:00Z;0,84;1;HOLOFOIL;No;EN
PBL_int_86;Armarouge;086/120;Pitch Black;Mega;Illustration Rare;140;Pokémon;Iwamoto05;2026-07-17T00:00:00Z;5,57;1;HOLOFOIL;No;EN
SPD_jp_7;デオキシスVSTAR;7/21;VSTAR&VMAX High-Class Deck Deoxys;Sword & Shield;Unknown;270;Pokémon;5ban Graphics;2022-07-15T00:00:00Z;3,12;1;HOLOFOIL;No;JA
FST_int_120;Deoxys;120/284;Fusion Strike;Sword & Shield;Holo Rare;120;Pokémon;Kouki Saitou;2021-11-12T00:00:00Z;0,26;1;HOLOFOIL;No;JA
FST_int_120;Deoxys;120/284;Fusion Strike;Sword & Shield;Holo Rare;120;Pokémon;Kouki Saitou;2021-11-12T00:00:00Z;0,26;1;HOLOFOIL;No;EN
PAR_int_74;Deoxys;74/266;Paradox Rift;Scarlet & Violet;Rare;120;Pokémon;Saya Tsuruta;2023-11-03T00:00:00Z;0,24;1;HOLOFOIL;No;EN
S12a_jp_60;Deoxys;60/254;VSTAR Universe;Sword & Shield;Rare;120;Pokémon;Souichirou Gunjima;2022-12-02T00:00:00Z;0,15;1;HOLOFOIL;No;EN
CES_int_68;Deoxys;68/183;Celestial Storm;Sun & Moon;Rare;130;Pokémon;Ayaka Yoshida;2018-08-03T00:00:00Z;0,57;1;NORMAL;No;EN
DP5_jp_DPBP#446;Deoxys Defense Forme;DPBP#446/154;Temple of Anger;Diamond & Pearl;Rare;100;Pokémon;Kazuaki Aihara;2008-03-14T00:00:00Z;9,33;1;FIRST_EDITION;No;EN
SPD_jp_6;デオキシスVMAX;6/21;VSTAR&VMAX High-Class Deck Deoxys;Sword & Shield;Unknown;330;Pokémon;N-DESIGN Inc.;2022-07-15T00:00:00Z;3,78;1;HOLOFOIL;No;JA
SPD_jp_5;デオキシスV;5/21;VSTAR&VMAX High-Class Deck Deoxys;Sword & Shield;Unknown;210;Pokémon;N-DESIGN Inc.;2022-07-15T00:00:00Z;1,16;1;HOLOFOIL;No;JA
S9_jp_84;アルセウスVSTAR;84/127;Star Birth;Sword & Shield;Triple Rare;280;Pokémon;5ban Graphics;2022-01-14T00:00:00Z;1,32;1;HOLOFOIL;No;JA
BRS_int_122;Arceus V;122/224;Brilliant Stars;Sword & Shield;Double Rare;220;Pokémon;N-DESIGN Inc.;2022-02-25T00:00:00Z;2,34;1;HOLOFOIL;No;EN
BW4_jp_47;ワルビアル;47/69;Dark Rush;Black & White;Rare;150;Pokémon;5ban Graphics;2011-12-16T00:00:00Z;3,35;1;FIRST_EDITION_HOLO;No;JA
PLF_int_70;Krookodile;70/122;Plasma Freeze;Black & White;Rare;140;Pokémon;5ban Graphics;2013-05-08T00:00:00Z;3,44;1;NORMAL;No;EN
BLK_int_158;Zekrom ex;158/172;Black Bolt;Scarlet & Violet;Ultra Rare;230;Pokémon;takuyoa;2025-07-18T00:00:00Z;4,20;1;HOLOFOIL;No;EN
ROS_int_64;Zekrom;64/110;Roaring Skies;XY;Holo Rare;130;Pokémon;kawayoo;2015-05-06T00:00:00Z;1,83;1;HOLOFOIL;No;EN
CEL_int_10;Zekrom;10/50;Celebrations;Sword & Shield;Rare;130;Pokémon;Aya Kusube;2021-10-08T00:00:00Z;0,29;1;HOLOFOIL;No;EN
SV11W_jp_160;レシラムex;160/174;White Flare;Scarlet & Violet;Secret Rare;230;Pokémon;5ban Graphics;2025-06-06T00:00:00Z;2,56;1;HOLOFOIL;No;JA
SIT_int_24;Reshiram V;24/245;Silver Tempest;Sword & Shield;Double Rare;220;Pokémon;N-DESIGN Inc.;2022-11-11T00:00:00Z;1,19;1;HOLOFOIL;No;EN
SHF_int_17;Reshiram;17/195;Shining Fates;Sword & Shield;Amazing Rare;120;Pokémon;PLANETA Tsuji;2021-02-19T00:00:00Z;3,64;1;HOLOFOIL;No;EN
ROS_int_63;Reshiram;63/110;Roaring Skies;XY;Holo Rare;130;Pokémon;Kouki Saitou;2015-05-06T00:00:00Z;3,70;1;HOLOFOIL;No;EN
CEL_int_2;Reshiram;2/50;Celebrations;Sword & Shield;Rare;130;Pokémon;Aya Kusube;2021-10-08T00:00:00Z;0,25;1;HOLOFOIL;No;EN
PFL_int_17;Reshiram;17/130;Phantasmal Flames;Mega;Rare;130;Pokémon;AKIRA EGAWA;2025-11-14T00:00:00Z;0,13;1;HOLOFOIL;No;EN
SCR_int_22;Reshiram;22/175;Stellar Crown;Scarlet & Violet;Uncommon;130;Pokémon;Iwamoto05;2024-09-13T00:00:00Z;0,09;1;NORMAL;No;EN
FST_int_245;Celebi V;245/284;Fusion Strike;Sword & Shield;Ultra Rare;190;Pokémon;Teeziro;2021-11-12T00:00:00Z;99,98;1;HOLOFOIL;No;EN
SIT_int_TG17;Mawile V;TG17/245;Silver Tempest;Sword & Shield;Character Super Rare;200;Pokémon;saino misaki;2022-11-11T00:00:00Z;15,30;1;HOLOFOIL;No;EN
JTG_int_177;Salamence ex;177/190;Journey Together;Scarlet & Violet;Ultra Rare;320;Pokémon;5ban Graphics;2025-03-28T00:00:00Z;2,13;1;HOLOFOIL;No;EN
BRS_int_64;Whimsicott V;64/224;Brilliant Stars;Sword & Shield;Double Rare;190;Pokémon;Saki Hayashiro;2022-02-25T00:00:00Z;0,80;1;HOLOFOIL;No;EN
CRZ_int_66;Hatterene VMAX;66/230;Crown Zenith;Sword & Shield;Triple Rare;320;Pokémon;5ban Graphics;2023-01-20T00:00:00Z;1,71;1;HOLOFOIL;No;EN
LOR_int_82;Enamorus V;82/247;Lost Origin;Sword & Shield;Double Rare;210;Pokémon;5ban Graphics;2022-09-09T00:00:00Z;0,75;1;HOLOFOIL;No;EN
CRZ_int_37;Kyogre V;37/230;Crown Zenith;Sword & Shield;Double Rare;230;Pokémon;PLANETA Tsuji;2023-01-20T00:00:00Z;1,37;1;HOLOFOIL;No;EN
FFI_int_20;Seismitoad-EX;20/113;Furious Fists;XY;Double Rare;180;Pokémon;Eske Yoshinob;2014-08-13T00:00:00Z;4,47;1;HOLOFOIL;No;EN
XYP_int_8;Yveltal-EX;XY08/211;XY Promos;XY;Unknown;170;Pokémon;5ban Graphics;2013-10-12T00:00:00Z;8,36;1;HOLOFOIL;No;EN
PRC_int_54;Kyogre-EX;54/164;Primal Clash;XY;Double Rare;180;Pokémon;Ryota Murayama;2015-02-04T00:00:00Z;18,55;1;HOLOFOIL;No;EN
DRX_int_85;Rayquaza-EX;85/128;Dragons Exalted;Black & White;Double Rare;170;Pokémon;Eske Yoshinob;2012-08-15T00:00:00Z;38,61;1;HOLOFOIL;No;EN
XYP_int_19;Delphox-EX;XY19/211;XY Promos;XY;Unknown;170;Pokémon;5ban Graphics;2013-10-12T00:00:00Z;7,32;1;HOLOFOIL;No;EN
PLB_int_9;Virizion-EX;9/105;Plasma Blast;Black & White;Double Rare;170;Pokémon;Ryo Ueda;2013-08-14T00:00:00Z;6,33;1;HOLOFOIL;No;EN
EVS_int_189;Umbreon V;189/237;Evolving Skies;Sword & Shield;Ultra Rare;200;Pokémon;Teeziro;2021-08-27T00:00:00Z;477,83;1;HOLOFOIL;No;EN
BRS_int_TG23;Umbreon VMAX;TG23/224;Brilliant Stars;Sword & Shield;Character Super Rare;310;Pokémon;kawayoo;2022-02-25T00:00:00Z;126,28;1;HOLOFOIL;No;EN
SVP_int_176;Umbreon ex;176/217;Scarlet & Violet Promos;Scarlet & Violet;Unknown;280;Pokémon;5ban Graphics;2023-01-01T00:00:00Z;39,45;1;HOLOFOIL;No;EN
BWP_int_93;Umbreon;BW93/101;Black & White Promos;Black & White;Unknown;100;Pokémon;The Pokémon Company Art Team;2011-03-01T00:00:00Z;136,85;1;HOLOFOIL;No;EN
FCO_int_119;Umbreon-EX;119/125;Fates Collide;XY;Ultra Rare;170;Pokémon;Ryo Ueda;2016-05-02T00:00:00Z;167,20;1;HOLOFOIL;No;EN
EVS_int_214;Umbreon VMAX;214/237;Evolving Skies;Sword & Shield;Rainbow Rare;310;Pokémon;AKIRA EGAWA;2021-08-27T00:00:00Z;72,43;1;HOLOFOIL;No;EN
SUM_int_154;Umbreon-GX;154/172;Sun & Moon;Sun & Moon;Rainbow Rare;200;Pokémon;5ban Graphics;2017-02-03T00:00:00Z;158,81;1;HOLOFOIL;No;EN
DS_int_17;Umbreon;17/114;Delta Species;EX;Holo Rare;70;Pokémon;Ryo Ueda;2005-10-31T00:00:00Z;457,36;1;HOLOFOIL;No;EN
HS_int_121;Darkness Energy;121/124;HeartGold & SoulSilver;HeartGold & SoulSilver;Common;;Energy;;2010-02-10T00:00:00Z;28,38;1;NORMAL;No;EN
EVS_int_95;Umbreon VMAX;95/237;Evolving Skies;Sword & Shield;Triple Rare;310;Pokémon;AKIRA EGAWA;2021-08-27T00:00:00Z;29,70;1;HOLOFOIL;No;EN
SUM_int_142;Umbreon-GX;142/172;Sun & Moon;Sun & Moon;Ultra Rare;200;Pokémon;5ban Graphics;2017-02-03T00:00:00Z;46,52;1;HOLOFOIL;No;EN
SUM_int_80;Umbreon-GX;80/172;Sun & Moon;Sun & Moon;Double Rare;200;Pokémon;5ban Graphics;2017-02-03T00:00:00Z;23,54;1;HOLOFOIL;No;EN
SMP_int_36;Umbreon-GX;SM36/248;Sun & Moon Promos;Sun & Moon;Unknown;200;Pokémon;5ban Graphics;2017-02-03T00:00:00Z;57,51;1;HOLOFOIL;No;EN
SI_jp_255;ブラッキーV;255/427;Starter Decks 100;Sword & Shield;Double Rare;200;Pokémon;5ban Graphics;2021-12-17T00:00:00Z;5,09;1;NORMAL;No;JA
SS_int_24;Umbreon;24/100;Sandstorm;EX;Rare;80;Pokémon;Kagemaru Himeno;2003-09-18T00:00:00Z;35,58;1;NORMAL;No;EN
SP_int_129;Umbreon;SWSH129/292;Sword & Shield Promos;Sword & Shield;Unknown;110;Pokémon;Souichirou Gunjima;2019-11-15T00:00:00Z;16,21;1;HOLOFOIL;No;EN
LOT_int_120;Umbreon;120/236;Lost Thunder;Sun & Moon;Rare;110;Pokémon;Ryota Murayama;2018-11-02T00:00:00Z;8,97;1;NORMAL;No;EN
MCD13_int_9;Umbreon;9/12;McDonald's Collection 2013;McDonald's Collection;Unknown;100;Pokémon;Kouki Saitou;2013-10-13T00:00:00Z;9,50;1;NORMAL;No;EN
PRE_int_59;Umbreon;59/180;Prismatic Evolutions;Scarlet & Violet;Rare;110;Pokémon;matazo;2025-01-17T00:00:00Z;0,58;1;HOLOFOIL;No;EN
PRE_int_156;Sylveon ex;156/180;Prismatic Evolutions;Scarlet & Violet;Special Illustration Rare;270;Pokémon;Cona Nitanda;2025-01-17T00:00:00Z;526,83;1;HOLOFOIL;No;EN
UNB_int_130;Gardevoir & Sylveon-GX;130/234;Unbroken Bonds;Sun & Moon;Double Rare;260;Pokémon;Mitsuhiro Arita;2019-05-03T00:00:00Z;69,45;1;HOLOFOIL;No;EN
GRI_int_92;Sylveon-GX;92/169;Guardians Rising;Sun & Moon;Double Rare;200;Pokémon;5ban Graphics;2017-05-05T00:00:00Z;18,23;1;HOLOFOIL;No;EN
SP_int_134;Dark Sylveon V;SWSH134/292;Sword & Shield Promos;Sword & Shield;Unknown;180;Pokémon;Ryuta Fuse;2019-11-15T00:00:00Z;12,20;1;HOLOFOIL;No;EN
PRE_int_40;Sylveon;40/180;Prismatic Evolutions;Scarlet & Violet;Rare;120;Pokémon;MINAMINAMI Take;2025-01-17T00:00:00Z;0,38;1;HOLOFOIL;No;EN
PRE_int_155;Espeon ex;155/180;Prismatic Evolutions;Scarlet & Violet;Special Illustration Rare;270;Pokémon;sui;2025-01-17T00:00:00Z;361,38;1;HOLOFOIL;No;EN
SVP_jp_66;Espeon;66/300;Scarlet & Violet Promotional Cards;Scarlet & Violet;Unknown;110;Pokémon;YU NAGABA;2023-01-01T00:00:00Z;110,88;1;HOLOFOIL;No;EN
BWP_int_92;Espeon;BW92/101;Black & White Promos;Black & White;Unknown;90;Pokémon;The Pokémon Company Art Team;2011-03-01T00:00:00Z;53,35;1;HOLOFOIL;No;EN
VS01_jp_56;Sabrina's Espeon;56/151;Pokémon VS;VS;Common;60;Pokémon;Asuka Iwashita;2001-08-19T00:00:00Z;221,32;1;NORMAL;No;EN
N2_int_1;Espeon;1/75;Neo Discovery;WotC Era;Holo Rare;80;Pokémon;Atsuko Nishida;2001-06-01T00:00:00Z;237,50;1;FIRST_EDITION_HOLO;No;EN
N2_int_20;Espeon;20/75;Neo Discovery;WotC Era;Rare;70;Pokémon;Naoyo Kimura;2001-06-01T00:00:00Z;88,20;1;FIRST_EDITION;No;EN
SUM_int_152;Espeon-GX;152/172;Sun & Moon;Sun & Moon;Rainbow Rare;200;Pokémon;5ban Graphics;2017-02-03T00:00:00Z;53,91;1;HOLOFOIL;No;EN
EVS_int_64;Espeon V;64/237;Evolving Skies;Sword & Shield;Double Rare;200;Pokémon;5ban Graphics;2021-08-27T00:00:00Z;3,13;1;HOLOFOIL;No;EN
PRE_int_33;Espeon;33/180;Prismatic Evolutions;Scarlet & Violet;Rare;110;Pokémon;Kariya;2025-01-17T00:00:00Z;0,43;1;HOLOFOIL;No;EN
PRE_int_144;Leafeon ex;144/180;Prismatic Evolutions;Scarlet & Violet;Special Illustration Rare;270;Pokémon;Jiro Sasumo;2025-01-17T00:00:00Z;383,42;1;HOLOFOIL;No;EN
CRZ_int_13;Leafeon V;13/230;Crown Zenith;Sword & Shield;Double Rare;210;Pokémon;PLANETA Mochizuki;2023-01-20T00:00:00Z;2,11;1;HOLOFOIL;No;EN
UPR_int_13;Leafeon-GX;13/173;Ultra Prism;Sun & Moon;Double Rare;200;Pokémon;5ban Graphics;2018-02-02T00:00:00Z;7,71;1;HOLOFOIL;No;EN
PLF_int_11;Leafeon;11/122;Plasma Freeze;Black & White;Rare;100;Pokémon;5ban Graphics;2013-05-08T00:00:00Z;43,11;1;REVERSE_HOLOFOIL;Yes;EN
MD_int_7;Leafeon;7/100;Majestic Dawn;Diamond & Pearl / Platinum;Holo Rare;90;Pokémon;Kouki Saitou;2008-05-21T00:00:00Z;90,77;1;HOLOFOIL;No;EN
ASR_int_13;Leafeon;13/246;Astral Radiance;Sword & Shield;Rare;110;Pokémon;Atsushi Furusawa;2022-05-27T00:00:00Z;0,29;1;NORMAL;No;EN
TWM_int_11;Leafeon;11/226;Twilight Masquerade;Scarlet & Violet;Uncommon;120;Pokémon;Kuroimori;2024-05-24T00:00:00Z;0,20;1;NORMAL;No;EN
PRE_int_153;Jolteon ex;153/180;Prismatic Evolutions;Scarlet & Violet;Special Illustration Rare;260;Pokémon;kantaro;2025-01-17T00:00:00Z;218,77;1;HOLOFOIL;No;EN
PRE_int_29;Jolteon;29/180;Prismatic Evolutions;Scarlet & Violet;Rare;110;Pokémon;sui;2025-01-17T00:00:00Z;0,34;3;HOLOFOIL;No;EN
GEN_int_28;Jolteon-EX;28/115;Generations;XY;Double Rare;160;Pokémon;Naoki Saito;2016-02-22T00:00:00Z;29,72;1;HOLOFOIL;No;EN
SMP_int_173;Jolteon-GX;SM173/248;Sun & Moon Promos;Sun & Moon;Unknown;200;Pokémon;PLANETA Otani;2017-02-03T00:00:00Z;9,70;1;HOLOFOIL;No;EN
PRE_int_30;Jolteon ex;30/180;Prismatic Evolutions;Scarlet & Violet;Double Rare;260;Pokémon;5ban Graphics;2025-01-17T00:00:00Z;4,41;1;HOLOFOIL;No;EN
MEW_int_135;Jolteon;135/207;Pokémon 151;Scarlet & Violet;Rare;110;Pokémon;sui;2023-09-22T00:00:00Z;0,33;2;HOLOFOIL;No;EN
151C_chs_135;雷伊布;135/192;Collection 151;Scarlet & Violet;Rare;110;Pokémon;sui;2025-01-16T16:00:00Z;0,14;1;NORMAL;No;CHS
SV8a_jp_51;サンダース;51/237;Terastal Fest ex;Scarlet & Violet;Unknown;110;Pokémon;Nisota Niso;2024-12-06T00:00:00Z;8,79;1;HOLOFOIL;No;JA
DEX_int_37;Jolteon;37/111;Dark Explorers;Black & White;Uncommon;90;Pokémon;Sumiyoshi Kizuki;2012-05-09T00:00:00Z;7,24;1;NORMAL;No;EN
PRE_int_149;Vaporeon ex;149/180;Prismatic Evolutions;Scarlet & Violet;Special Illustration Rare;280;Pokémon;Narano;2025-01-17T00:00:00Z;314,76;1;HOLOFOIL;No;EN
SVP_jp_63;Vaporeon;63/300;Scarlet & Violet Promotional Cards;Scarlet & Violet;Unknown;120;Pokémon;YU NAGABA;2023-01-01T00:00:00Z;97,29;1;HOLOFOIL;No;EN
BRS_int_TG2;Vaporeon;TG2/224;Brilliant Stars;Sword & Shield;Character Holo Rare;110;Pokémon;Jiro Sasumo;2022-02-25T00:00:00Z;25,67;1;HOLOFOIL;No;EN
SMP_int_172;Vaporeon-GX;SM172/248;Sun & Moon Promos;Sun & Moon;Unknown;210;Pokémon;PLANETA Otani;2017-02-03T00:00:00Z;12,54;1;HOLOFOIL;No;EN
EVS_int_172;Vaporeon V;172/237;Evolving Skies;Sword & Shield;Ultra Rare;210;Pokémon;5ban Graphics;2021-08-27T00:00:00Z;23,25;1;HOLOFOIL;No;EN
GEN_int_24;Vaporeon-EX;24/115;Generations;XY;Double Rare;180;Pokémon;Naoki Saito;2016-02-22T00:00:00Z;25,35;1;HOLOFOIL;No;EN
JU_int_28;Vaporeon;28/64;Jungle;WotC Era;Rare;80;Pokémon;Kagemaru Himeno;1999-06-16T00:00:00Z;35,91;1;FIRST_EDITION;No;EN
OG04_jp_23;わるいシャワーズ;23/65;Team Rocket;Original;Uncommon;60;Pokémon;Mitsuhiro Arita;1997-11-21T00:00:00Z;9,75;1;NORMAL;No;JA
AOR_int_22;Vaporeon;22/100;Ancient Origins;XY;Uncommon;90;Pokémon;kirisAki;2015-08-12T00:00:00Z;1,35;1;NORMAL;No;EN
PRE_int_150;Glaceon ex;150/180;Prismatic Evolutions;Scarlet & Violet;Special Illustration Rare;270;Pokémon;Kamome Shirahama;2025-01-17T00:00:00Z;263,16;1;HOLOFOIL;No;EN
UPR_int_39;Glaceon-GX;39/173;Ultra Prism;Sun & Moon;Double Rare;200;Pokémon;5ban Graphics;2018-02-02T00:00:00Z;8,40;1;HOLOFOIL;No;EN
CRZ_int_38;Glaceon V;38/230;Crown Zenith;Sword & Shield;Double Rare;210;Pokémon;PLANETA Mochizuki;2023-01-20T00:00:00Z;2,24;1;HOLOFOIL;No;EN
FCO_int_20;Glaceon-EX;20/125;Fates Collide;XY;Double Rare;170;Pokémon;Ayaka Yoshida;2016-05-02T00:00:00Z;15,88;1;HOLOFOIL;No;EN
MD_int_20;Glaceon;20/100;Majestic Dawn;Diamond & Pearl / Platinum;Rare;90;Pokémon;Masakazu Fukuda;2008-05-21T00:00:00Z;17,49;1;NORMAL;No;EN
TWM_int_54;Glaceon;54/226;Twilight Masquerade;Scarlet & Violet;Uncommon;120;Pokémon;rika;2024-05-24T00:00:00Z;0,41;2;REVERSE_HOLOFOIL;Yes;EN
SP_int_192;Glaceon;SWSH192/292;Sword & Shield Promos;Sword & Shield;Unknown;110;Pokémon;OKACHEKE;2019-11-15T00:00:00Z;3,37;1;HOLOFOIL;No;EN
BRS_int_TG1;Flareon;TG1/224;Brilliant Stars;Sword & Shield;Character Holo Rare;110;Pokémon;You Iribi;2022-02-25T00:00:00Z;23,52;1;HOLOFOIL;No;EN
UF_int_5;Flareon;5/143;Unseen Forces;EX;Holo Rare;70;Pokémon;Naoyo Kimura;2005-08-22T00:00:00Z;152,52;1;REVERSE_HOLOFOIL;Yes;EN
DEX_int_12;Flareon;12/111;Dark Explorers;Black & White;Uncommon;90;Pokémon;Suwama Chiaki;2012-05-09T00:00:00Z;4,09;1;NORMAL;No;EN
TR_int_35;Dark Flareon;35/83;Team Rocket;WotC Era;Uncommon;50;Pokémon;Mitsuhiro Arita;2000-04-24T00:00:00Z;21,84;1;FIRST_EDITION;No;EN
VS01_jp_89;カリンのブースター;89/151;Pokémon VS;VS;Common;60;Pokémon;Hajime Kusajima;2001-08-19T00:00:00Z;197,87;1;NORMAL;No;JA
OG04_jp_16;わるいブースター;16/65;Team Rocket;Original;Uncommon;50;Pokémon;Mitsuhiro Arita;1997-11-21T00:00:00Z;7,43;1;NORMAL;No;JA
PRE_int_13;Flareon;13/180;Prismatic Evolutions;Scarlet & Violet;Rare;130;Pokémon;Ryota Murayama;2025-01-17T00:00:00Z;0,33;1;HOLOFOIL;No;EN
SV8a_jp_21;ブースター;21/237;Terastal Fest ex;Scarlet & Violet;Unknown;130;Pokémon;SIE NANAHARA;2024-12-06T00:00:00Z;9,38;1;HOLOFOIL;No;JA
CBB2C_chs_0404;Flareon;0404/140;Gem Pack Vol. 2;Scarlet & Violet;Promo;110;Pokémon;You Iribi;2025-05-15T16:00:00Z;0,37;1;NORMAL;No;JA
CBB2C_chs_0404;火伊布;0404/140;Gem Pack Vol. 2;Scarlet & Violet;Promo;110;Pokémon;You Iribi;2025-05-15T16:00:00Z;0,37;1;NORMAL;No;CHS
CBB2C_chs_0406;火伊布;0406/140;Gem Pack Vol. 2;Scarlet & Violet;Promo;110;Pokémon;You Iribi;2025-05-15T16:00:00Z;0,23;1;NORMAL;No;CHS
151C_chs_136;火伊布;136/192;Collection 151;Scarlet & Violet;Rare;130;Pokémon;Ryota Murayama;2025-01-16T16:00:00Z;0,21;1;NORMAL;No;CHS
BWP_jp_235;イーブイ;235/246;Black & White Promotional Cards;Black & White;Unknown;60;Pokémon;Akira Komayama;2011-03-01T00:00:00Z;36,93;1;HOLOFOIL;No;JA
SVP_int_174;Eevee ex;174/217;Scarlet & Violet Promos;Scarlet & Violet;Unknown;200;Pokémon;Natsuko Shoji été;2023-01-01T00:00:00Z;27,76;1;HOLOFOIL;No;EN
SVP_int_173;Eevee;173/217;Scarlet & Violet Promos;Scarlet & Violet;Unknown;50;Pokémon;Makura Tami;2023-01-01T00:00:00Z;18,85;1;HOLOFOIL;No;EN
BRS_int_TG11;Eevee;TG11/224;Brilliant Stars;Sword & Shield;Character Holo Rare;70;Pokémon;Souichirou Gunjima;2022-02-25T00:00:00Z;19,72;1;HOLOFOIL;No;EN
CRZ_int_108;Eevee V;108/230;Crown Zenith;Sword & Shield;Double Rare;200;Pokémon;You Iribi;2023-01-20T00:00:00Z;8,06;1;HOLOFOIL;No;EN
E3_int_54;Eevee;54/182;Skyridge;WotC Era;Common;50;Pokémon;Sumiyoshi Kizuki;2003-05-12T00:00:00Z;44,21;1;NORMAL;No;EN
P3_int_13;Eevee;13/17;POP Series 3;EX;Common;50;Pokémon;Masakazu Fukuda;2006-04-01T00:00:00Z;25,70;1;NORMAL;No;EN
FFI_int_80;Eevee;80/113;Furious Fists;XY;Common;50;Pokémon;sui;2014-08-13T00:00:00Z;1,11;1;NORMAL;No;EN
UD_int_48;Eevee;48/91;Undaunted;HeartGold & SoulSilver;Common;50;Pokémon;Noriko Hotta;2010-08-18T00:00:00Z;5,44;2;NORMAL;No;EN
N2_int_38;Eevee;38/75;Neo Discovery;WotC Era;Uncommon;50;Pokémon;Aya Kusube;2001-06-01T00:00:00Z;23,52;1;FIRST_EDITION;No;EN
151C_chs_133;伊布;133/192;Collection 151;Scarlet & Violet;Common;70;Pokémon;Narumi Sato;2025-01-16T16:00:00Z;0,07;2;NORMAL;No;CHS
CS4aC_chs_111;伊布;111/184;Polychromatic Gathering (Friend);Sword & Shield;Common;70;Pokémon;Atsushi Furusawa;2024-02-29T16:00:00Z;0,21;1;REVERSE_HOLOFOIL;Yes;CHS
MEW_int_133;Eevee;133/207;Pokémon 151;Scarlet & Violet;Common;70;Pokémon;Narumi Sato;2023-09-22T00:00:00Z;0,19;1;NORMAL;No;CHS
SSP_int_143;Eevee;143/252;Surging Sparks;Scarlet & Violet;Common;50;Pokémon;Naoyo Kimura;2024-11-08T00:00:00Z;0,34;1;REVERSE_HOLOFOIL;Yes;EN
TWM_int_135;Eevee;135/226;Twilight Masquerade;Scarlet & Violet;Common;50;Pokémon;satoma;2024-05-24T00:00:00Z;0,27;1;NORMAL;No;EN
